SMILES,LC50,Structure
ClCl,0.12,<rdkit.Chem.rdchem.Mol object at 0x31593aab0>
CNC(=O)CS[P](=S)(OC)OC,1.65,<rdkit.Chem.rdchem.Mol object at 0x31593bb50>
CCO[P](=S)(OCC)Oc1cc(C)nc(n1)C(C)C,0.001,<rdkit.Chem.rdchem.Mol object at 0x31593a570>
ClC1=C(Cl)C2(Cl)C3CO[S](=O)OCC3C1(Cl)C2(Cl)Cl,0.328,<rdkit.Chem.rdchem.Mol object at 0x31593b840>
CO[P](=S)(OC)SCN1C(=O)c2ccccc2C1=O,0.392,<rdkit.Chem.rdchem.Mol object at 0x31593be60>
NCC=C,42.5,<rdkit.Chem.rdchem.Mol object at 0x31593b370>
Oc1ccccc1C=O,4.1,<rdkit.Chem.rdchem.Mol object at 0x31593adc0>
OC(=O)COc1ccc(Cl)cc1Cl,120.0,<rdkit.Chem.rdchem.Mol object at 0x31593a3b0>
O=[V](=O)O[V](=O)=O,1.49,<rdkit.Chem.rdchem.Mol object at 0x31593bae0>
O[Se](O)=O,1.2,<rdkit.Chem.rdchem.Mol object at 0x31593b300>
O=[Mo](=O)=O,206.75,<rdkit.Chem.rdchem.Mol object at 0x3159384a0>
O=[Cr](=O)=O,0.48100000000000004,<rdkit.Chem.rdchem.Mol object at 0x31593a1f0>
c1ccc(cc1)c2ccccc2,1.9,<rdkit.Chem.rdchem.Mol object at 0x315939b60>
CC1(C)[C@@H](C=C(Cl)Cl)[C@H]1C(=O)OCc2cccc(Oc3ccccc3)c2,0.00125,<rdkit.Chem.rdchem.Mol object at 0x31593a500>
o1c2ccccc2c3ccccc13,1.7,<rdkit.Chem.rdchem.Mol object at 0x315938dd0>
CCOC(=O)CC(S[P](=S)(OC)OC)C(=O)OCC,0.009,<rdkit.Chem.rdchem.Mol object at 0x31593af80>
ClC(Cl)=C,45.3,<rdkit.Chem.rdchem.Mol object at 0x31593a880>
CO[P](=O)(OC)OC=C(Cl)Cl,0.005265,<rdkit.Chem.rdchem.Mol object at 0x31593a5e0>
CCO[P](=S)(OCC)SCSc1ccc(Cl)cc1,0.125,<rdkit.Chem.rdchem.Mol object at 0x31593bca0>
CO[P](=O)(OC)C(O)C(Cl)(Cl)Cl,0.0008749999999999999,<rdkit.Chem.rdchem.Mol object at 0x31593b3e0>
COc1ccc(cc1)C(c2ccc(OC)cc2)C(Cl)(Cl)Cl,0.05,<rdkit.Chem.rdchem.Mol object at 0x31593ba70>
CC1(C)[C@@H](C=C(Br)Br)[C@H]1C(=O)O[C@H](C#N)c2cccc(Oc3ccccc3)c2,5e-05,<rdkit.Chem.rdchem.Mol object at 0x31593b990>
Clc1c(Cl)c(C#N)c(Cl)c(C#N)c1Cl,0.13,<rdkit.Chem.rdchem.Mol object at 0x31593b6f0>
CCO[P](=O)(OCC)OC(=C\Cl)/c1ccc(Cl)cc1Cl,9.285,<rdkit.Chem.rdchem.Mol object at 0x31593b220>
CCCCOC(=O)c1ccccc1C(=O)OCc2ccccc2,46.9,<rdkit.Chem.rdchem.Mol object at 0x31593bd10>
ClC1(Cl)C2(Cl)C3(Cl)C4(Cl)C(=O)C5(Cl)C3(Cl)C1(Cl)C5(Cl)C24Cl,0.21000000000000002,<rdkit.Chem.rdchem.Mol object at 0x31593bd80>
ClC1C=CC2C1C3(Cl)C(=C(Cl)C2(Cl)C3(Cl)Cl)Cl,0.11499999999999999,<rdkit.Chem.rdchem.Mol object at 0x31593b7d0>
s1c2ccccc2c3ccccc13,0.443,<rdkit.Chem.rdchem.Mol object at 0x31593b610>
s1ccc2ccccc12,59.0,<rdkit.Chem.rdchem.Mol object at 0x31593a810>
COC(=O)[C@@]1(Cl)CCC[C@@]2(C)[C@H]1CCc3cc(ccc23)C(C)C,3.15,<rdkit.Chem.rdchem.Mol object at 0x31593b1b0>
COC(=O)[C@@]1(Cl)C(Cl)CC[C@@]2(C)[C@H]1CCc3cc(ccc23)C(C)C,2.275,<rdkit.Chem.rdchem.Mol object at 0x315a8c970>
CC(C)c1ccc2c(CC[C@H]3[C@@](C)(CCC[C@]23C)C(O)=O)c1,6.35,<rdkit.Chem.rdchem.Mol object at 0x315a8c5f0>
OB(O)O,179.5,<rdkit.Chem.rdchem.Mol object at 0x315a8c190>
Fc1cccc(F)c1C(=O)NC(=O)Nc2ccc(Cl)cc2,0.004485,<rdkit.Chem.rdchem.Mol object at 0x315a8c510>
c1ccc2c(c1)ccc3ccccc23,0.7715,<rdkit.Chem.rdchem.Mol object at 0x315a8c7b0>
CCN(CC)c1nc(C)cc(O[P](=S)(OC)OC)n1,0.00027,<rdkit.Chem.rdchem.Mol object at 0x315a8c430>
O[As](O)(O)=O,4.55,<rdkit.Chem.rdchem.Mol object at 0x315a8c890>
Clc1ccc(cc1)C(c2ccc(Cl)cc2)C(Cl)(Cl)Cl,0.0075,<rdkit.Chem.rdchem.Mol object at 0x315a8c270>
ClC#N,0.047,<rdkit.Chem.rdchem.Mol object at 0x315a8c740>
c1ccc2c(c1)c3cccc4cccc2c34,0.11135,<rdkit.Chem.rdchem.Mol object at 0x315a8c580>
II,0.59,<rdkit.Chem.rdchem.Mol object at 0x315a8ca50>
CC(C)(C)[C@@H](O)C(Cc1ccc(Cl)cc1)n2cncn2.CC(C)(C)[C@H](O)C(Cc3ccc(Cl)cc3)n4cncn4,28.7,<rdkit.Chem.rdchem.Mol object at 0x315a8c0b0>
CC\C(c1ccc(O)cc1)=C(\CC)c2ccc(O)cc2,1.145,<rdkit.Chem.rdchem.Mol object at 0x315a8c2e0>
CNC(=O)O\N=C\C(C)(C)SC,0.583,<rdkit.Chem.rdchem.Mol object at 0x315a8cdd0>
CCO[P](=S)(OCC)Oc1nc(Cl)c(Cl)cc1Cl,0.001,<rdkit.Chem.rdchem.Mol object at 0x315a8cb30>
C[Se]CC[C@H](N)C(O)=O,0.31,<rdkit.Chem.rdchem.Mol object at 0x315a8c900>
ClC1=C(Cl)C(Cl)(Cl)C(=C1Cl)Cl,0.0456,<rdkit.Chem.rdchem.Mol object at 0x315a8c9e0>
c12c3c4c5c1c6c7c8c2c9c%10c3c%11c%12c4c%13c%14c5c%15c6c%16c7c%17c%18c8c9c%19c%20c%10c%11c%21c%22c%12c%13c%23c%24c%14c%15c%25c%16c%26c%17c%27c%18c%19c%28c%20c%21c%29c%22c%23c%30c%24c%25c%26c%31c%27c%28c%29c%30%31,7.9,<rdkit.Chem.rdchem.Mol object at 0x315a8c660>
CCCC1COC(Cn2cncn2)(O1)c3ccc(Cl)cc3Cl,8.5,<rdkit.Chem.rdchem.Mol object at 0x315a8c4a0>
Clc1ccc(NC(=O)Nc2ccc(Cl)c(Cl)c2)cc1,0.011,<rdkit.Chem.rdchem.Mol object at 0x315a8c350>
OC(=O)CNC[P](O)(O)=O,83.94,<rdkit.Chem.rdchem.Mol object at 0x315a8ceb0>
COC(=O)[C@@]1(O)OC[C@@]23[C@H](C[C@@H](OC(C)=O)[C@]4(CO[C@@H]([C@@H](O)[C@](C)([C@H]12)[C@]56O[C@@]5(C)[C@H]7C[C@@H]6O[C@@H]8OC=C[C@]78O)[C@H]34)C(=O)OC)OC(=O)C(/C)=C/C,0.625,<rdkit.Chem.rdchem.Mol object at 0x315a8c3c0>
CO[P](N)(=O)SC,0.034,<rdkit.Chem.rdchem.Mol object at 0x315a8cba0>
ClC1=C(Cl)C2(Cl)[C@H]3CO[S](=O)OC[C@H]3[C@]1(Cl)C2(Cl)Cl,0.6174999999999999,<rdkit.Chem.rdchem.Mol object at 0x315a8cc10>
ClC1=C(Cl)C2(Cl)[C@@H]3CO[S](=O)OC[C@@H]3[C@@]1(Cl)C2(Cl)Cl,1.0350000000000001,<rdkit.Chem.rdchem.Mol object at 0x315a8cc80>
ClC1=C(Cl)C2(Cl)C3CO[S](=O)(=O)OCC3C1(Cl)C2(Cl)Cl,1.335,<rdkit.Chem.rdchem.Mol object at 0x315a8ccf0>
COC(=O)Nc1[nH]c2ccccc2n1,0.125,<rdkit.Chem.rdchem.Mol object at 0x315a8cd60>
CO\C=C(C(=O)OC)/c1ccccc1Oc2cc(Oc3ccccc3C#N)ncn2,0.277,<rdkit.Chem.rdchem.Mol object at 0x315a8ce40>
N,12.965,<rdkit.Chem.rdchem.Mol object at 0x315a8cf20>
S=C1Nc2ccccc2S1,5.55,<rdkit.Chem.rdchem.Mol object at 0x315a8cf90>
O=[Zn],2.37,<rdkit.Chem.rdchem.Mol object at 0x315a8d000>
O=[Ti]=O,86.5935,<rdkit.Chem.rdchem.Mol object at 0x315a8d070>
O=[Cu],67.2,<rdkit.Chem.rdchem.Mol object at 0x315a8d0e0>
OC(=O)CN(CCN(CC(O)=O)CC(O)=O)CC(O)=O,230.5,<rdkit.Chem.rdchem.Mol object at 0x315a8d150>
OC(=O)CN(CC(O)=O)CC(O)=O,351.0,<rdkit.Chem.rdchem.Mol object at 0x315a8d1c0>
CC1(C)C(C=C(Cl)Cl)C1C(=O)OC(C#N)c2ccc(F)c(Oc3ccccc3)c2,0.0006850000000000001,<rdkit.Chem.rdchem.Mol object at 0x315a8d230>
c1ccc2cc3c(ccc4ccccc34)cc2c1,0.1462,<rdkit.Chem.rdchem.Mol object at 0x315a8d2a0>
CCCCOCCOCCOCc1cc2OCOc2cc1CCC,1.945,<rdkit.Chem.rdchem.Mol object at 0x315a8d310>
C1Cc2cccc3cccc1c23,0.81,<rdkit.Chem.rdchem.Mol object at 0x315a8d380>
ClC\C=C/Cl,4.5,<rdkit.Chem.rdchem.Mol object at 0x315a8d3f0>
COCC(=O)N(C(C)C(=O)OC)c1c(C)cccc1C,261.725,<rdkit.Chem.rdchem.Mol object at 0x315a8d460>
Cc1c(COC(=O)C2C(\C=C(/Cl)C(F)(F)F)C2(C)C)cccc1c3ccccc3,0.00086,<rdkit.Chem.rdchem.Mol object at 0x315a8d4d0>
CC(C)[C@@H](C(=O)O[C@@H](C#N)c1cccc(Oc2ccccc2)c1)c3ccc(Cl)cc3,0.00022499999999995,<rdkit.Chem.rdchem.Mol object at 0x315a8d540>
CCN(CC)C(=O)SCc1ccc(Cl)cc1,3.915,<rdkit.Chem.rdchem.Mol object at 0x315a8d5b0>
CCC(C)c1ccccc1OC(=O)NC,0.0675,<rdkit.Chem.rdchem.Mol object at 0x315a8d620>
CC(C)N.OC(=O)CNC[P](O)(O)=O,29.48,<rdkit.Chem.rdchem.Mol object at 0x315a8d690>
OC(=O)Cc1ccccc1Nc2c(Cl)cccc2Cl,87.1,<rdkit.Chem.rdchem.Mol object at 0x315a8d700>
Cc1ccc(C)c(OCCCC(C)(C)C(O)=O)c1,20.35,<rdkit.Chem.rdchem.Mol object at 0x315a8d770>
CC(C)Cc1ccc(cc1)C(C)C(O)=O,128.5,<rdkit.Chem.rdchem.Mol object at 0x315a8d7e0>
Cc1cc(Nc2ccccc2C(O)=O)ccc1Cl,7.73,<rdkit.Chem.rdchem.Mol object at 0x315a8d850>
CC(=C)[C@@H]1CCC(=CC1)C,0.7505,<rdkit.Chem.rdchem.Mol object at 0x315a8d8c0>
C[Hg]Cl,0.0165,<rdkit.Chem.rdchem.Mol object at 0x315a8d930>
N(Nc1ccccc1)c2ccccc2,4.1,<rdkit.Chem.rdchem.Mol object at 0x315a8d9a0>
O=NN(c1ccccc1)c2ccccc2,7.8,<rdkit.Chem.rdchem.Mol object at 0x315a8da10>
CN(C)[C@H]1[C@@H]2C[C@H]3C(=C(O)c4c(O)cccc4[C@@]3(C)O)C(=O)[C@]2(O)C(=O)\C(=C(N)/O)C1=O,55.0,<rdkit.Chem.rdchem.Mol object at 0x315a8da80>
CC1(C)C(C=C(Cl)Cl)C1C(=O)OC(C#N)c2cccc(Oc3ccccc3)c2,0.00281,<rdkit.Chem.rdchem.Mol object at 0x315a8daf0>
COc1ccc(CCN(C)CCCC(C#N)(C(C)C)c2ccc(OC)c(OC)c2)cc1OC,13.04,<rdkit.Chem.rdchem.Mol object at 0x315a8db60>
OC(=O)CCCc1ccc(cc1)N(CCCl)CCCl,47.595,<rdkit.Chem.rdchem.Mol object at 0x315a8dbd0>
ClC1CC2C(C1Cl)C3(Cl)C(=C(Cl)C2(Cl)C3(Cl)Cl)Cl,0.06655,<rdkit.Chem.rdchem.Mol object at 0x315a8dc40>
CC1COCc2cc3c(cc12)C(C)(C)C(C)C3(C)C,0.6819999999999999,<rdkit.Chem.rdchem.Mol object at 0x315a8dcb0>
OC(=O)C(F)(F)C(F)(F)C(F)(F)C(F)(F)C(F)(F)C(F)(F)C(F)(F)C(F)(F)F,100.563101,<rdkit.Chem.rdchem.Mol object at 0x315a8dd20>
CC1(C)[C@@H](C(Br)C(Br)(Br)Br)[C@H]1C(=O)O[C@H](C#N)c2cccc(Oc3ccccc3)c2,9.4e-05,<rdkit.Chem.rdchem.Mol object at 0x315a8dd90>
Brc1ccc(Oc2ccc(Br)cc2Br)c(Br)c1,0.049944999999999996,<rdkit.Chem.rdchem.Mol object at 0x315a8de00>
Brc1ccc(Oc2cc(Br)c(Br)cc2Br)c(Br)c1,0.028305,<rdkit.Chem.rdchem.Mol object at 0x315a8de70>
CC(C)(C)C(O)(CCc1ccc(Cl)cc1)Cn2cncn2,3.7305,<rdkit.Chem.rdchem.Mol object at 0x315a8dee0>
OC(=O)C(F)(F)C(F)(F)C(F)(F)C(F)(F)C(F)(F)C(F)(F)C(F)(F)F,235.29071499999998,<rdkit.Chem.rdchem.Mol object at 0x315a8df50>
CC(C)(c1cc(Br)c(O)c(Br)c1)c2cc(Br)c(O)c(Br)c2,1.1480000000000001,<rdkit.Chem.rdchem.Mol object at 0x315a8dfc0>
CO[P](=S)(OC)Oc1ccc(SC)c(C)c1,0.036800000000000006,<rdkit.Chem.rdchem.Mol object at 0x315a8e030>
CC1(C)[C@@H](\C=C(/Cl)C(F)(F)F)[C@H]1C(=O)OC(C#N)c2cccc(Oc3ccccc3)c2,0.0005214999999999999,<rdkit.Chem.rdchem.Mol object at 0x315a8e0a0>
CCCCO[P](=O)(OCCCC)OCCCC,2.41,<rdkit.Chem.rdchem.Mol object at 0x315a8e110>
CC(C)(c1ccc(O)cc1)c2ccc(O)cc2,10.455,<rdkit.Chem.rdchem.Mol object at 0x315a8e180>
CN(C)[P](=O)(N(C)C)N(C)C,6670.0,<rdkit.Chem.rdchem.Mol object at 0x315a8e1f0>
CCO[P](O)(=S)OCC,100.0,<rdkit.Chem.rdchem.Mol object at 0x315a8e260>
CCO[P](=S)(OCC)O[P](=S)(OCC)OCC,0.00023,<rdkit.Chem.rdchem.Mol object at 0x315a8e2d0>
CCc1nc(N)nc(N)c1c2ccc(Cl)cc2,5.8,<rdkit.Chem.rdchem.Mol object at 0x315a8e340>
N/C(N\N=C\c1ccc(Cl)cc1)=N\N=C\c2ccc(Cl)cc2,0.075,<rdkit.Chem.rdchem.Mol object at 0x315a8e3b0>
CCCC(O)=O,61.0,<rdkit.Chem.rdchem.Mol object at 0x315a8e420>
CCC(O)=O,50.0,<rdkit.Chem.rdchem.Mol object at 0x315a8e490>
CCCCC(O)=O,45.0,<rdkit.Chem.rdchem.Mol object at 0x315a8e500>
[Na].O[S](=O)(=O)c1ccc(Br)cc1,1943.0,<rdkit.Chem.rdchem.Mol object at 0x315a8e570>
Br[Hg]c1ccccc1,0.97,<rdkit.Chem.rdchem.Mol object at 0x315a8e5e0>
COc1ccc(NC(=O)N(C)C)cc1Cl,160.0,<rdkit.Chem.rdchem.Mol object at 0x315a8e650>
COC(=O)C(Cl)Cc1ccc(Cl)cc1,0.0091,<rdkit.Chem.rdchem.Mol object at 0x315a8e6c0>
CC(C)Oc1cc(N2N=C(OC2=O)C(C)(C)C)c(Cl)cc1Cl,5.5,<rdkit.Chem.rdchem.Mol object at 0x315a8e730>
CCCCOCN(C(=O)CCl)c1c(CC)cccc1CC,5.5,<rdkit.Chem.rdchem.Mol object at 0x315a8e7a0>
ClC1=C(Cl)C2(Cl)C3C4CC(C=C4)C3C1(Cl)C2(Cl)Cl,1.0,<rdkit.Chem.rdchem.Mol object at 0x315a8e810>
O(c1ccccc1)c2ccccc2,0.67,<rdkit.Chem.rdchem.Mol object at 0x315a8e880>
Cl\C=C\Cl,220.0,<rdkit.Chem.rdchem.Mol object at 0x315a8e8f0>
CC(C)c1ccc(C)cc1,6.5,<rdkit.Chem.rdchem.Mol object at 0x315a8e960>
CC1(C)C2CCC(C2)C1=C,22.0,<rdkit.Chem.rdchem.Mol object at 0x315a8e9d0>
Oc1ccccc1c2ccccc2,0.71,<rdkit.Chem.rdchem.Mol object at 0x315a8ea40>
[nH]1ccc2ccccc12,1.0,<rdkit.Chem.rdchem.Mol object at 0x315a8eab0>
O=C1Oc2ccccc2C=C1,13.5,<rdkit.Chem.rdchem.Mol object at 0x315a8eb20>
O=C1NC(=S)NC=C1,7.7,<rdkit.Chem.rdchem.Mol object at 0x315a8eb90>
S=C(Nc1ccccc1)Nc2ccccc2,67.0,<rdkit.Chem.rdchem.Mol object at 0x315a8ec00>
S=C=Nc1ccc(cc1)N=C=S,0.077,<rdkit.Chem.rdchem.Mol object at 0x315a8ec70>
C1c2ccccc2Oc3ccccc13,20.3,<rdkit.Chem.rdchem.Mol object at 0x315a8ece0>
CN(C)C(C)=S,417.0,<rdkit.Chem.rdchem.Mol object at 0x315a8ed50>
CCCCNC(=O)n1c(NC(=O)OC)nc2ccccc12,0.64,<rdkit.Chem.rdchem.Mol object at 0x315a8edc0>
C1C=CC2C3CC(C=C3)C12,10.5,<rdkit.Chem.rdchem.Mol object at 0x315a8ee30>
CC(C)O[P](C)(=O)OC(C)C,267.0,<rdkit.Chem.rdchem.Mol object at 0x315a8eea0>
CCO[P](=S)(CC)Sc1ccccc1,0.0027,<rdkit.Chem.rdchem.Mol object at 0x315a8ef10>
CCCN(CCC)C(=O)SCC,4.7,<rdkit.Chem.rdchem.Mol object at 0x315a8ef80>
CCSC(=O)N1CCCCCC1,7.5,<rdkit.Chem.rdchem.Mol object at 0x315a8eff0>
CC1(C)[C@@H]2CC[C@]1(C)[C@H](C2)OC(=O)CSC#N,0.09,<rdkit.Chem.rdchem.Mol object at 0x315a8f060>
CC(C)N(C(C)C)C(=O)SCC(Cl)=C(Cl)Cl,0.057,<rdkit.Chem.rdchem.Mol object at 0x315a8f0d0>
CCCCC(CC)CO[P](=O)(Oc1ccccc1)Oc2ccccc2,0.15,<rdkit.Chem.rdchem.Mol object at 0x315a8f140>
ClC1C2OC2C3C1C4(Cl)C(=C(Cl)C3(Cl)C4(Cl)Cl)Cl,0.24,<rdkit.Chem.rdchem.Mol object at 0x315a8f1b0>
CCNc1nc(Cl)nc(NCC)n1,94.0,<rdkit.Chem.rdchem.Mol object at 0x315a8f220>
s1c2ccccc2c3c1ccc4ccccc34,0.22,<rdkit.Chem.rdchem.Mol object at 0x315a8f290>
s1cccc1,318.0,<rdkit.Chem.rdchem.Mol object at 0x315a8f300>
Clc1ccc(c(Cl)c1)c2ccc(Cl)cc2Cl,0.03,<rdkit.Chem.rdchem.Mol object at 0x315a8f370>
Clc1ccccc1c2ccccc2,0.71,<rdkit.Chem.rdchem.Mol object at 0x315a8f3e0>
Clc1ccc(cc1)c2ccccc2,0.42,<rdkit.Chem.rdchem.Mol object at 0x315a8f450>
Clc1cccc(c1)c2ccccc2,0.43,<rdkit.Chem.rdchem.Mol object at 0x315a8f4c0>
CCN(CC)CC.OC(=O)COc1nc(Cl)c(Cl)cc1Cl,1170.0,<rdkit.Chem.rdchem.Mol object at 0x315a8f530>
S=C=S,2.1,<rdkit.Chem.rdchem.Mol object at 0x315a8f5a0>
CNC.OC(=O)COc1ccc(Cl)cc1Cl,184.0,<rdkit.Chem.rdchem.Mol object at 0x315a8f610>
NC(=O)C=C,160.0,<rdkit.Chem.rdchem.Mol object at 0x315a8f680>
NCCNCCN,53.5,<rdkit.Chem.rdchem.Mol object at 0x315a8f6f0>
NCCNCCNCCN,33.9,<rdkit.Chem.rdchem.Mol object at 0x315a8f760>
C1CCC=CC1,9.4,<rdkit.Chem.rdchem.Mol object at 0x315a8f7d0>
N.N.O[S](O)(=O)=O,14.0,<rdkit.Chem.rdchem.Mol object at 0x315a8f840>
O=[S]1(=O)C=Cc2ccccc12,14.0,<rdkit.Chem.rdchem.Mol object at 0x315a8f8b0>
O=s1c2ccccc2c3ccccc13,20.0,<rdkit.Chem.rdchem.Mol object at 0x315a8f920>
CCc1ccc(cc1)C(=O)NN(C(=O)c2cc(C)cc(C)c2)C(C)(C)C,17.37,<rdkit.Chem.rdchem.Mol object at 0x315a8f990>
Clc1cc(Cl)c(cc1Cl)c2ccccc2,0.59,<rdkit.Chem.rdchem.Mol object at 0x315a8fa00>
ClC1=C(Cl)C2(Cl)C3COCC3C1(Cl)C2(Cl)Cl,0.55,<rdkit.Chem.rdchem.Mol object at 0x315a8fa70>
ClC1=C(Cl)C2(Cl)C3C(COC3=O)C1(Cl)C2(Cl)Cl,55.0,<rdkit.Chem.rdchem.Mol object at 0x315a8fae0>
c1ccc2c(c1)cc3ccc4cccc5ccc2c3c45,0.25,<rdkit.Chem.rdchem.Mol object at 0x315a8fb50>
CC(C)(O)CC[C@@H](O)[C@](C)(O)[C@H]1CC[C@@]2(O)C3=CC(=O)[C@@H]4C[C@@H](O)[C@@H](O)C[C@]4(C)[C@H]3CC[C@]12C,2.4604063892517,<rdkit.Chem.rdchem.Mol object at 0x315a8fbc0>
CC(C)CC[C@@H](O)[C@](C)(O)[C@H]1CC[C@@]2(O)C3=CC(=O)[C@@H]4C[C@@H](O)[C@@H](O)C[C@]4(C)[C@H]3CC[C@]12C,0.175170413024902,<rdkit.Chem.rdchem.Mol object at 0x315a8fc30>
Clc1ccc(cc1)[S](=O)(=O)c2cc(Cl)c(Cl)cc2Cl,6.92,<rdkit.Chem.rdchem.Mol object at 0x315a8fca0>
C[C@]12CC[C@H]3[C@@H](CCc4cc(O)ccc34)[C@@H]1CC[C@@H]2O,2.97,<rdkit.Chem.rdchem.Mol object at 0x315a8fd10>
COC(C)(C)CCCC(C)C\C=C\C(C)=C\C(=O)OC(C)C,1.04,<rdkit.Chem.rdchem.Mol object at 0x315a8fd80>
ClBr,0.71,<rdkit.Chem.rdchem.Mol object at 0x315a8fdf0>
CN1CSC(=S)N(C)C1,0.55,<rdkit.Chem.rdchem.Mol object at 0x315a8fe60>
CCCCCCCCN1SC=CC1=O,0.18,<rdkit.Chem.rdchem.Mol object at 0x315a8fed0>
CCc1cccc(C)c1N(C(C)COC)C(=O)CCl,13.0,<rdkit.Chem.rdchem.Mol object at 0x315a8ff40>
CN(C)C1=NC(=O)N(C2CCCCC2)C(=O)N1C,152.0,<rdkit.Chem.rdchem.Mol object at 0x315aa8040>
CCO[P](=O)(SC(C)CC)N1CCSC1=O,0.66,<rdkit.Chem.rdchem.Mol object at 0x315aa80b0>
C[S](C)=O,25000.0,<rdkit.Chem.rdchem.Mol object at 0x315aa8120>
CNC(=O)O\N=C\C(C)(C)[S](C)(=O)=O,0.28,<rdkit.Chem.rdchem.Mol object at 0x315aa8190>
CNC(=O)\C=C(/C)O[P](=O)(OC)OC,0.388,<rdkit.Chem.rdchem.Mol object at 0x315aa8200>
CN[C@H]1CC[C@@H](c2ccc(Cl)c(Cl)c2)c3ccccc13,1.3,<rdkit.Chem.rdchem.Mol object at 0x315aa8270>
CCCCS[P](=O)(SCCCC)SCCCC,0.00663,<rdkit.Chem.rdchem.Mol object at 0x315aa82e0>
CC(C)(Oc1ccc(Cl)cc1)C(O)=O,141.2,<rdkit.Chem.rdchem.Mol object at 0x315aa8350>
NC(=O)N1c2ccccc2C=Cc3ccccc13,111.0,<rdkit.Chem.rdchem.Mol object at 0x315aa83c0>
OC(=O)c1ccccc1O,111.7,<rdkit.Chem.rdchem.Mol object at 0x315aa8430>
CC(=O)Nc1ccc(O)cc1,20.1,<rdkit.Chem.rdchem.Mol object at 0x315aa84a0>
CC(C)(Oc1ccc(CCNC(=O)c2ccc(Cl)cc2)cc1)C(O)=O,30.3,<rdkit.Chem.rdchem.Mol object at 0x315aa8510>
Oc1ccc(cc1)c2ccccc2,3.6595365,<rdkit.Chem.rdchem.Mol object at 0x315aa8580>
CC(C)C(C(=O)OC(C#N)c1cccc(Oc2ccccc2)c1)c3ccc(Cl)cc3,0.00025,<rdkit.Chem.rdchem.Mol object at 0x315aa85f0>
Clc1ccc(CN2CCSC2=NC#N)cn1,88.0,<rdkit.Chem.rdchem.Mol object at 0x315aa8660>
CC(C)O[P](=S)(OC(C)C)SCCN[S](=O)(=O)c1ccccc1,1.75,<rdkit.Chem.rdchem.Mol object at 0x315aa86d0>
CC(C)O[P](=O)(OC(C)C)SCc1ccccc1,4.2,<rdkit.Chem.rdchem.Mol object at 0x315aa8740>
CC(C)NC(=O)N1CC(=O)N(C1=O)c2cc(Cl)cc(Cl)c2,3.93,<rdkit.Chem.rdchem.Mol object at 0x315aa87b0>
CCOc1snc(n1)C(Cl)(Cl)Cl,9.15,<rdkit.Chem.rdchem.Mol object at 0x315aa8820>
CCO[P](=S)(OCC)Oc1cc(on1)c2ccccc2,0.00057,<rdkit.Chem.rdchem.Mol object at 0x315aa8890>
CCO[P](=S)(NC(C)C)Oc1ccccc1C(=O)OC(C)C,0.0052,<rdkit.Chem.rdchem.Mol object at 0x315aa8900>
CSSC,1.61,<rdkit.Chem.rdchem.Mol object at 0x315aa8970>
CCOC(=O)CC(S[P](=O)(OC)OC)C(=O)OCC,0.01208,<rdkit.Chem.rdchem.Mol object at 0x315aa89e0>
CON(C(=O)OC)c1ccccc1COc2ccn(n2)c3ccc(Cl)cc3,0.068,<rdkit.Chem.rdchem.Mol object at 0x315aa8a50>
FC(F)C(F)(F)OCC(Cn1cncn1)c2ccc(Cl)cc2Cl,7.2,<rdkit.Chem.rdchem.Mol object at 0x315aa8ac0>
CO\N=C(C(=O)OC)\c1ccccc1CO\N=C(/C)c2cccc(c2)C(F)(F)F,0.74,<rdkit.Chem.rdchem.Mol object at 0x315aa8b30>
CC(C)NC[C@@H](O)COc1ccc(CC(N)=O)cc1,1450.0,<rdkit.Chem.rdchem.Mol object at 0x315aa8ba0>
CC(C)NC[C@H](O)COc1ccc(CC(N)=O)cc1,755.0,<rdkit.Chem.rdchem.Mol object at 0x315aa8c10>
COc1ccc(\C=C\C)cc1,6.82,<rdkit.Chem.rdchem.Mol object at 0x315aa8c80>
CC(=C)C1CCC(=CC1)C,31.0,<rdkit.Chem.rdchem.Mol object at 0x315aa8cf0>
CC(C)C1=CC=C(C)CC1,1.85,<rdkit.Chem.rdchem.Mol object at 0x315aa8d60>
CC1=CC[C@@H]2C[C@H]1C2(C)C,1.44,<rdkit.Chem.rdchem.Mol object at 0x315aa8dd0>
CC(C)=C1CCC(=CC1)C,2.55,<rdkit.Chem.rdchem.Mol object at 0x315aa8e40>
COCCc1ccc(OCC(O)CNC(C)C)cc1,63.9,<rdkit.Chem.rdchem.Mol object at 0x315aa8eb0>
CC(C)NCC(O)COc1cccc2ccccc12,1.6,<rdkit.Chem.rdchem.Mol object at 0x315aa8f20>
CC(C)N(C(=O)CCl)c1ccccc1,2.4,<rdkit.Chem.rdchem.Mol object at 0x315aa8f90>
CNC(=O)O\N=C(/C)SC,0.0064,<rdkit.Chem.rdchem.Mol object at 0x315aa9000>
CCO[Si](OCC)(OCC)c1ccccc1,45.5,<rdkit.Chem.rdchem.Mol object at 0x315aa9070>
NN,0.28,<rdkit.Chem.rdchem.Mol object at 0x315aa90e0>
CN(C)N,68.15,<rdkit.Chem.rdchem.Mol object at 0x315aa9150>
CCCCCCS,0.028,<rdkit.Chem.rdchem.Mol object at 0x315aa91c0>
CCCCCCCCCS,0.05,<rdkit.Chem.rdchem.Mol object at 0x315aa9230>
Oc1ccc(cc1)C2(OC(=O)c3ccccc23)c4ccc(O)cc4,6.72,<rdkit.Chem.rdchem.Mol object at 0x315aa92a0>
CC1COC(Cn2cncn2)(O1)c3ccc(Oc4ccc(Cl)cc4)cc3Cl,0.000298,<rdkit.Chem.rdchem.Mol object at 0x315aa9310>
Cn1cnc2N(C)C(=O)N(C)C(=O)c12,177.49,<rdkit.Chem.rdchem.Mol object at 0x315aa9380>
CCN1C=C(C(O)=O)C(=O)c2cc(F)c(cc12)N3CCNCC3,187.48,<rdkit.Chem.rdchem.Mol object at 0x315aa93f0>
Cc1onc(N[S](=O)(=O)c2ccc(N)cc2)c1,234.18,<rdkit.Chem.rdchem.Mol object at 0x315aa9460>
CCCCC/C=C/C/C=C/C/C=C/C/C=C/CCCC(O)=O,2.31400239257812,<rdkit.Chem.rdchem.Mol object at 0x315aa94d0>
CCO[P](=S)(OC(C)C)Oc1cnc(nc1)C(C)(C)C,0.0001,<rdkit.Chem.rdchem.Mol object at 0x315aa9540>
CC(C)CCC[C@@H](C)[C@H]1CC[C@H]2[C@@H]3CC=C4C[C@@H](O)CC[C@]4(C)[C@H]3CC[C@]12C,1.12132559999999,<rdkit.Chem.rdchem.Mol object at 0x315aa95b0>
CC\C=C/C/C=C\C\C=C/C/C=C\C\C=C/C/C=C\CCC(O)=O,1.82315281219482,<rdkit.Chem.rdchem.Mol object at 0x315aa9620>
CCCCC/C=C\C\C=C/CCCCCCCC(O)=O,2.80451995849609,<rdkit.Chem.rdchem.Mol object at 0x315aa9690>
CCCCCCCC/C=C/CCCCCCCC(O)=O,2.88117346801757,<rdkit.Chem.rdchem.Mol object at 0x315aa9700>
CC/C=C/C/C=C/C/C=C/CCCCCCCC(O)=O,4.00947846679687,<rdkit.Chem.rdchem.Mol object at 0x315aa9770>
Oc1cc(Cl)ccc1Oc2ccc(Cl)cc2Cl,0.241765907135009,<rdkit.Chem.rdchem.Mol object at 0x315aa97e0>
CCCCC(CC)COC(=O)c1c(Br)c(Br)c(Br)c(Br)c1C(=O)OCC(CC)CCCC,0.91,<rdkit.Chem.rdchem.Mol object at 0x315aa9850>
BrCCBr,6.5,<rdkit.Chem.rdchem.Mol object at 0x315aa98c0>
CN(C)C(=O)CCSC(SCCC(O)=O)c1cccc(/C=C/c2ccc3ccc(Cl)cc3n2)c1,41.3609253723144,<rdkit.Chem.rdchem.Mol object at 0x315aa9930>
CCC1NC(=O)C(C(O)C(C)C\C=C\C)N(C)C(=O)C(C(C)C)N(C)C(=O)C(CC(C)C)N(C)C(=O)C(CC(C)C)N(C)C(=O)C(C)NC(=O)C(C)NC(=O)C(CC(C)C)N(C)C(=O)C(NC(=O)C(CC(C)C)N(C)C(=O)CN(C)C1=O)C(C)C,29.5848212402343,<rdkit.Chem.rdchem.Mol object at 0x315aa99a0>
OC(=O)C(F)(F)C(F)(F)C(F)(F)C(F)(F)C(F)(F)C(F)(F)C(F)(F)C(F)(F)C(F)(F)F,258.585258,<rdkit.Chem.rdchem.Mol object at 0x315aa9a10>
C1COCCO1,1.5,<rdkit.Chem.rdchem.Mol object at 0x315aa9a80>
ClC(Br)Br,58.1,<rdkit.Chem.rdchem.Mol object at 0x315aa9af0>
OC(=O)C(Br)Br,254.4,<rdkit.Chem.rdchem.Mol object at 0x315aa9b60>
[O-]C(=O)C(Br)(Br)Br,355.9,<rdkit.Chem.rdchem.Mol object at 0x315aa9bd0>
Brc1ccc(Oc2c(Br)cc(Br)cc2Br)c(Br)c1,0.01112,<rdkit.Chem.rdchem.Mol object at 0x315aa9c40>
CCCCC(Cn1cncn1)(C#N)c2ccc(Cl)cc2,4.052,<rdkit.Chem.rdchem.Mol object at 0x315aa9cb0>
CCOCN(C(=O)CCl)c1c(C)cccc1CC,17.5,<rdkit.Chem.rdchem.Mol object at 0x315aa9d20>
CC(C)c1ccccc1O[P](=O)(Oc2ccccc2)Oc3ccccc3C(C)C,2.44,<rdkit.Chem.rdchem.Mol object at 0x315aa9d90>
CC(C)(C)C(=O)C(Oc1ccc(Cl)cc1)n2cncn2,7.097,<rdkit.Chem.rdchem.Mol object at 0x315aa9e00>
CN(C)C(=O)Nc1ccc(Cl)c(Cl)c1,7.48451978240966,<rdkit.Chem.rdchem.Mol object at 0x315aa9e70>
CC(C)(C)c1ccc(CCOc2ncnc3ccccc23)cc1,1.623,<rdkit.Chem.rdchem.Mol object at 0x315aa9ee0>
Cc1cc(C)c(c(C)c1)C2=C(OC(=O)CC(C)(C)C)C3(CCCC3)OC2=O,1.338,<rdkit.Chem.rdchem.Mol object at 0x315aa9f50>
N.OC(=O)C(F)(F)C(F)(F)C(F)(F)C(F)(F)C(F)(F)C(F)(F)C(F)(F)F,1550.0,<rdkit.Chem.rdchem.Mol object at 0x315aa9fc0>
O.C[C@H]1COc2c(N3CCN(C)CC3)c(F)cc4C(=O)C(=CN1c24)C(O)=O.C[C@H]5COc6c(N7CCN(C)CC7)c(F)cc8C(=O)C(=CN5c68)C(O)=O,28.0,<rdkit.Chem.rdchem.Mol object at 0x315aaa030>
COc1c(N2C[C@@H]3CCCN[C@@H]3C2)c(F)cc4C(=O)C(=CN(C5CC5)c14)C(O)=O,14.0,<rdkit.Chem.rdchem.Mol object at 0x315aaa0a0>
COC(=O)N(C(=O)N1CO[C@]2(Cc3cc(Cl)ccc3C2=N1)C(=O)OC)c4ccc(OC(F)(F)F)cc4,0.02372,<rdkit.Chem.rdchem.Mol object at 0x315aaa110>
CN(Cc1ccc(Cl)nc1)C(C)=NC#N,27.54,<rdkit.Chem.rdchem.Mol object at 0x315aaa180>
CCCCCCCCCCCCOCCOCCOCCOCCOCCOCCOCCO,0.438,<rdkit.Chem.rdchem.Mol object at 0x315aaa1f0>
CCCCCCCCCCCCOCCOCCOCCOCCOCCO,0.287,<rdkit.Chem.rdchem.Mol object at 0x315aaa260>
Cc1cc(ccc1NC(=O)c2cccc(I)c2C(=O)NC(C)(C)C[S](C)(=O)=O)C(F)(C(F)(F)F)C(F)(F)F,0.0021,<rdkit.Chem.rdchem.Mol object at 0x315aaa2d0>
Oc1ccc(cc1)C(c2ccc(O)cc2)(C(F)(F)F)C(F)(F)F,3.05,<rdkit.Chem.rdchem.Mol object at 0x315aaa340>
CCNC1(CCCCC1)c2ccccc2,83.0,<rdkit.Chem.rdchem.Mol object at 0x315aaa3b0>
O[P](O)(O)=O,89.0,<rdkit.Chem.rdchem.Mol object at 0x315aaa420>
O=[N+]([O-])OCC(CO[N+](=O)[O-])O[N+](=O)[O-],32.00353195,<rdkit.Chem.rdchem.Mol object at 0x315aaa490>
CC(C)(C)CC(C)(C)c1ccc(O)cc1,0.090061926,<rdkit.Chem.rdchem.Mol object at 0x315aaa500>
CC/C(=C(/CC)c1ccc(O)cc1)c1ccc(O)cc1,1.144513112,<rdkit.Chem.rdchem.Mol object at 0x315aaa570>
CC1=CC(=O)c2ccccc2C1=O,0.490888212,<rdkit.Chem.rdchem.Mol object at 0x315aaa5e0>
CCCCOCCOCCOCc1cc2c(cc1CCC)OCO2,1.73153173,<rdkit.Chem.rdchem.Mol object at 0x315aaa650>
CCO,11923.89663,<rdkit.Chem.rdchem.Mol object at 0x315aaa6c0>
CCOC(=O)CC(SP(=S)(OC)OC)C(=O)OCC,0.007261729,<rdkit.Chem.rdchem.Mol object at 0x315aaa730>
CS(C)=O,24996.16639,<rdkit.Chem.rdchem.Mol object at 0x315aaa7a0>
ClCC1CO1,23.23997862,<rdkit.Chem.rdchem.Mol object at 0x315aaa810>
CCc1nc(N)nc(N)c1-c1ccc(Cl)cc1,5.803543547,<rdkit.Chem.rdchem.Mol object at 0x315aaa880>
CC1(C)C(C=C(Cl)Cl)C1C(=O)OCc1cccc(Oc2ccccc2)c1,0.004903541,<rdkit.Chem.rdchem.Mol object at 0x315aaa8f0>
CCN(CC)C(=S)SSC(=S)N(CC)CC,0.119956724,<rdkit.Chem.rdchem.Mol object at 0x315aaa960>
ClC1C(Cl)C(Cl)C(Cl)C(Cl)C1Cl,1.788934346,<rdkit.Chem.rdchem.Mol object at 0x315aaa9d0>
O=c1ccc2ccccc2o1,13.51354223,<rdkit.Chem.rdchem.Mol object at 0x315aaaa40>
C=C(C)C1CC=C(C)CC1,0.030993645,<rdkit.Chem.rdchem.Mol object at 0x315aaaab0>
c1ccc2ccccc2c1,11.3968881,<rdkit.Chem.rdchem.Mol object at 0x315aaab20>
CCCCC(=O)O,44.99387857,<rdkit.Chem.rdchem.Mol object at 0x315aaab90>
O=[N+]([O-])c1cccc([N+](=O)[O-])c1,43.01238734,<rdkit.Chem.rdchem.Mol object at 0x315aaac00>
Cc1c([N+](=O)[O-])cc([N+](=O)[O-])cc1[N+](=O)[O-],8.856754383,<rdkit.Chem.rdchem.Mol object at 0x315aaac70>
O=[N+]([O-])c1ccc(O)c([N+](=O)[O-])c1,4.710612476,<rdkit.Chem.rdchem.Mol object at 0x315aaace0>
Oc1ccc2ccccc2c1,3.538953029,<rdkit.Chem.rdchem.Mol object at 0x315aaad50>
CCNc1nc(Cl)nc(NC(C)C)n1,9.393117929,<rdkit.Chem.rdchem.Mol object at 0x315aaadc0>
COC(=O)Nc1nc2ccccc2[nH]1,0.102911776,<rdkit.Chem.rdchem.Mol object at 0x315aaae30>
O=C1C2(Cl)C3(Cl)C4(Cl)C(Cl)(Cl)C5(Cl)C3(Cl)C1(Cl)C5(Cl)C24Cl,0.198028384,<rdkit.Chem.rdchem.Mol object at 0x315aaaea0>
Cc1ccc(O)cc1,21.0856195,<rdkit.Chem.rdchem.Mol object at 0x315aaaf10>
Clc1ccc(Cl)cc1,10.89725804,<rdkit.Chem.rdchem.Mol object at 0x315aaaf80>
c1cc[n+]2c(c1)-c1cccc[n+]1CC2,1.340861512,<rdkit.Chem.rdchem.Mol object at 0x315aaaff0>
O=C(O)CN(CCN(CC(=O)O)CC(=O)O)CC(=O)O,230.5365339,<rdkit.Chem.rdchem.Mol object at 0x315aab060>
ClC1=C(Cl)C2(Cl)C3C(Cl)C=CC3C1(Cl)C2(Cl)Cl,0.114830668,<rdkit.Chem.rdchem.Mol object at 0x315aab0d0>
COc1ccc(C(c2ccc(OC)cc2)C(Cl)(Cl)Cl)cc1,0.015979888,<rdkit.Chem.rdchem.Mol object at 0x315aab140>
CNc1ccccc1,0.173377316,<rdkit.Chem.rdchem.Mol object at 0x315aab1b0>
Clc1ccccc1Cl,2.297825976,<rdkit.Chem.rdchem.Mol object at 0x315aab220>
Oc1ccccc1,13.29339389,<rdkit.Chem.rdchem.Mol object at 0x315aab290>
S=C=Nc1ccccc1,0.099987237,<rdkit.Chem.rdchem.Mol object at 0x315aab300>
O=[N+]([O-])c1cc([N+](=O)[O-])c(O)c([N+](=O)[O-])c1,84.92295336,<rdkit.Chem.rdchem.Mol object at 0x315aab370>
c1ccncc1,1172.671805,<rdkit.Chem.rdchem.Mol object at 0x315aab3e0>
C=Cc1ccccc1,36.86882307,<rdkit.Chem.rdchem.Mol object at 0x315aab450>
Oc1ccc(Br)cc1,5.943893319,<rdkit.Chem.rdchem.Mol object at 0x315aab4c0>
ClCC(Cl)Cl,42.96904778,<rdkit.Chem.rdchem.Mol object at 0x315aab530>
CC(C)=O,12360.23186,<rdkit.Chem.rdchem.Mol object at 0x315aab5a0>
BrC(Br)Br,45.9892998,<rdkit.Chem.rdchem.Mol object at 0x315aab610>
ClC(Cl)Cl,66.51127816,<rdkit.Chem.rdchem.Mol object at 0x315aab680>
c1ccc(-c2ccccc2)cc1,1.901571401,<rdkit.Chem.rdchem.Mol object at 0x315aab6f0>
ClC(Cl)C(Cl)(Cl)Cl,7.998268566,<rdkit.Chem.rdchem.Mol object at 0x315aab760>
CCC(=O)O,49.96903629,<rdkit.Chem.rdchem.Mol object at 0x315aab7d0>
CC(Cl)CCl,55.84722142,<rdkit.Chem.rdchem.Mol object at 0x315aab840>
ClC(Cl)(Cl)Cl,34.99100654,<rdkit.Chem.rdchem.Mol object at 0x315aab8b0>
ClC(Cl)=C(Cl)Cl,18.01293684,<rdkit.Chem.rdchem.Mol object at 0x315aab920>
C=C(Cl)Cl,30.23451563,<rdkit.Chem.rdchem.Mol object at 0x315aab990>
Cc1ccccc1,97.59966071,<rdkit.Chem.rdchem.Mol object at 0x315aaba00>
COc1ccccc1O,25.9365162,<rdkit.Chem.rdchem.Mol object at 0x315aaba70>
Oc1ccc(Cl)cc1,4.820276834,<rdkit.Chem.rdchem.Mol object at 0x315aabae0>
CN(C)C(=S)SSC(=S)N(C)C,0.209862317,<rdkit.Chem.rdchem.Mol object at 0x315aabb50>
ClCCCl,294.0760705,<rdkit.Chem.rdchem.Mol object at 0x315aabbc0>
CCCCC(CC)COC(=O)c1ccccc1C(=O)OCC(CC)CCCC,11.00859866,<rdkit.Chem.rdchem.Mol object at 0x315aabc30>
OCCO,47411.28709,<rdkit.Chem.rdchem.Mol object at 0x315aabca0>
CC(N)=S,17.4129034,<rdkit.Chem.rdchem.Mol object at 0x315aabd10>
ClC=C(Cl)Cl,55.02109859,<rdkit.Chem.rdchem.Mol object at 0x315aabd80>
Nc1cc(Cl)cc(Cl)c1,1.120835872,<rdkit.Chem.rdchem.Mol object at 0x315aabdf0>
CNC(=O)Oc1cccc2ccccc12,0.999243299,<rdkit.Chem.rdchem.Mol object at 0x315aabe60>
COP(=O)(OC)C(O)C(Cl)(Cl)Cl,0.000210213,<rdkit.Chem.rdchem.Mol object at 0x315aabed0>
C=C(C)[C@H]1CC=C(C)CC1,0.729915955,<rdkit.Chem.rdchem.Mol object at 0x315aabf40>
Clc1ccc(C(c2ccc(Cl)cc2)C(Cl)(Cl)Cl)cc1,0.012012031,<rdkit.Chem.rdchem.Mol object at 0x315aa4040>
CCOP(=S)(OCC)Oc1ccc([N+](=O)[O-])cc1,0.001567764,<rdkit.Chem.rdchem.Mol object at 0x315aa40b0>
c1ccc2cc3c(ccc4ccccc43)cc2c1,0.137881504,<rdkit.Chem.rdchem.Mol object at 0x315aa4120>
Oc1c(Cl)cc(Cl)c(Cl)c1Cl,0.228718213,<rdkit.Chem.rdchem.Mol object at 0x315aa4190>
Cc1cc(O)ccc1Cl,2.000130859,<rdkit.Chem.rdchem.Mol object at 0x315aa4200>
CNC(=O)CSP(=S)(OC)OC,1.649696127,<rdkit.Chem.rdchem.Mol object at 0x315aa4270>
ClC1=C(Cl)C2(Cl)C3C4CC(C5OC45)C3C1(Cl)C2(Cl)Cl,0.142170985,<rdkit.Chem.rdchem.Mol object at 0x315aa42e0>
NC(N)=S,9.005312322,<rdkit.Chem.rdchem.Mol object at 0x315aa4350>
COP(=O)(OC)OC=C(Cl)Cl,8.5e-05,<rdkit.Chem.rdchem.Mol object at 0x315aa43c0>
CCCCCC=O,9.155758227,<rdkit.Chem.rdchem.Mol object at 0x315aa4430>
CO,3286.393751,<rdkit.Chem.rdchem.Mol object at 0x315aa44a0>
ClC(Cl)(Cl)C(Cl)(Cl)Cl,2.69897249,<rdkit.Chem.rdchem.Mol object at 0x315aa4510>
CN(C)C=O,14383.28189,<rdkit.Chem.rdchem.Mol object at 0x315aa4580>
CCCO,6837.13983,<rdkit.Chem.rdchem.Mol object at 0x315aa45f0>
CC(Cl)(Cl)Cl,11.19839106,<rdkit.Chem.rdchem.Mol object at 0x315aa4660>
CBr,2.200133467,<rdkit.Chem.rdchem.Mol object at 0x315aa46d0>
CNC,50.00161219,<rdkit.Chem.rdchem.Mol object at 0x315aa4740>
CC#N,3600.088371,<rdkit.Chem.rdchem.Mol object at 0x315aa47b0>
CCS,0.16996952,<rdkit.Chem.rdchem.Mol object at 0x315aa4820>
ClCCl,219.8169735,<rdkit.Chem.rdchem.Mol object at 0x315aa4890>
C1CO1,199.9613282,<rdkit.Chem.rdchem.Mol object at 0x315aa4900>
ClC1=C(Cl)C(Cl)(Cl)C(Cl)=C1Cl,0.045169394,<rdkit.Chem.rdchem.Mol object at 0x315aa4970>
C1=CC2C3C=CC(C3)C2C1,10.50102168,<rdkit.Chem.rdchem.Mol object at 0x315aa49e0>
CC1=CC(=O)CC(C)(C)C1,120.0989933,<rdkit.Chem.rdchem.Mol object at 0x315aa4a50>
CC(C)CO,1106.459216,<rdkit.Chem.rdchem.Mol object at 0x315aa4ac0>
CCC(Cl)Cl,23.01450139,<rdkit.Chem.rdchem.Mol object at 0x315aa4b30>
C=CC(N)=O,159.8628014,<rdkit.Chem.rdchem.Mol object at 0x315aa4ba0>
ClC(Cl)C(Cl)Cl,56.98910762,<rdkit.Chem.rdchem.Mol object at 0x315aa4c10>
C=C1C2CCC(C2)C1(C)C,21.99240156,<rdkit.Chem.rdchem.Mol object at 0x315aa4c80>
CC(C)(c1ccc(O)cc1)c1ccc(O)cc1,12.80816719,<rdkit.Chem.rdchem.Mol object at 0x315aa4cf0>
CC1=CCC2CC1C2(C)C,40.95176804,<rdkit.Chem.rdchem.Mol object at 0x315aa4d60>
c1cc2c3c(cccc3c1)CC2,0.644335912,<rdkit.Chem.rdchem.Mol object at 0x315aa4dd0>
Cc1c(Cl)cccc1[N+](=O)[O-],4.202101743,<rdkit.Chem.rdchem.Mol object at 0x315aa4e40>
CCOC(=O)c1ccccc1C(=O)OCC,54.1779201,<rdkit.Chem.rdchem.Mol object at 0x315aa4eb0>
CCCCOC(=O)c1ccccc1C(=O)OCCCC,3.70318768,<rdkit.Chem.rdchem.Mol object at 0x315aa4f20>
c1ccc2c(c1)ccc1ccccc12,0.767327225,<rdkit.Chem.rdchem.Mol object at 0x315aa4f90>
CCCCOC(=O)c1ccccc1C(=O)OCc1ccccc1,12.87392057,<rdkit.Chem.rdchem.Mol object at 0x315aa5000>
Oc1c(Cl)c(Cl)c(Cl)c(Cl)c1Cl,0.800518488,<rdkit.Chem.rdchem.Mol object at 0x315aa5070>
Oc1c(Cl)cc(Cl)cc1Cl,1.407172529,<rdkit.Chem.rdchem.Mol object at 0x315aa50e0>
Cc1ccccc1[N+](=O)[O-],9.843828644,<rdkit.Chem.rdchem.Mol object at 0x315aa5150>
O=[N+]([O-])c1ccccc1Cl,34.30982536,<rdkit.Chem.rdchem.Mol object at 0x315aa51c0>
O=[N+]([O-])c1ccccc1O,13.16309909,<rdkit.Chem.rdchem.Mol object at 0x315aa5230>
CCC(C)c1cc([N+](=O)[O-])cc([N+](=O)[O-])c1O,0.24021,<rdkit.Chem.rdchem.Mol object at 0x315aa52a0>
O=[N+]([O-])c1cc(Cl)ccc1Cl,10.99768126,<rdkit.Chem.rdchem.Mol object at 0x315aa5310>
O=Cc1ccccc1O,4.100027745,<rdkit.Chem.rdchem.Mol object at 0x315aa5380>
COc1ccccc1N,12.00699186,<rdkit.Chem.rdchem.Mol object at 0x315aa53f0>
Clc1cccc2ccccc12,1.600100459,<rdkit.Chem.rdchem.Mol object at 0x315aa5460>
c1ccc2ncccc2c1,38.03015858,<rdkit.Chem.rdchem.Mol object at 0x315aa54d0>
Oc1ccc(-c2ccccc2)cc1,3.664251478,<rdkit.Chem.rdchem.Mol object at 0x315aa5540>
c1ccc2c(c1)Cc1ccccc1O2,20.30467032,<rdkit.Chem.rdchem.Mol object at 0x315aa55b0>
CC1CCCCC1O,15.94513031,<rdkit.Chem.rdchem.Mol object at 0x315aa5620>
Nc1ccccc1Cl,0.441314864,<rdkit.Chem.rdchem.Mol object at 0x315aa5690>
Cc1ccccc1N,0.519986508,<rdkit.Chem.rdchem.Mol object at 0x315aa5700>
Oc1ccccc1Cl,7.431426401,<rdkit.Chem.rdchem.Mol object at 0x315aa5770>
Nc1ccc(Cl)c(Cl)c1,0.290095921,<rdkit.Chem.rdchem.Mol object at 0x315aa57e0>
Nc1cc(Cl)ccc1Cl,2.921069042,<rdkit.Chem.rdchem.Mol object at 0x315aa5850>
Oc1cc(Cl)c(Cl)cc1Cl,2.367811624,<rdkit.Chem.rdchem.Mol object at 0x315aa58c0>
S=C1NCCN1,26.38036403,<rdkit.Chem.rdchem.Mol object at 0x315aa5930>
O=[N+]([O-])c1ccc(Cl)c([N+](=O)[O-])c1,0.800815273,<rdkit.Chem.rdchem.Mol object at 0x315aa59a0>
CN(C)C(=S)SC(=S)N(C)C,2.903339446,<rdkit.Chem.rdchem.Mol object at 0x315aa5a10>
CC(C)c1ccccc1,24.88102887,<rdkit.Chem.rdchem.Mol object at 0x315aa5a80>
O=[N+]([O-])c1ccccc1,26.99562778,<rdkit.Chem.rdchem.Mol object at 0x315aa5af0>
Cc1cccc([N+](=O)[O-])c1,11.48587393,<rdkit.Chem.rdchem.Mol object at 0x315aa5b60>
CC1=CC=C(C(C)C)CC1,1.850429982,<rdkit.Chem.rdchem.Mol object at 0x315aa5bd0>
Cc1ccc(C(C)C)cc1,6.498560021,<rdkit.Chem.rdchem.Mol object at 0x315aa5c40>
Cc1ccc([N+](=O)[O-])cc1,11.94439742,<rdkit.Chem.rdchem.Mol object at 0x315aa5cb0>
O=[N+]([O-])c1ccc(Cl)cc1,7.716467076,<rdkit.Chem.rdchem.Mol object at 0x315aa5d20>
O=[N+]([O-])c1ccc(O)cc1,11.78578056,<rdkit.Chem.rdchem.Mol object at 0x315aa5d90>
CCc1ccccc1,18.40606748,<rdkit.Chem.rdchem.Mol object at 0x315aa5e00>
O=Cc1ccccc1,11.21494483,<rdkit.Chem.rdchem.Mol object at 0x315aa5e70>
O=C(Nc1ccc(Cl)cc1)Nc1ccc(Cl)c(Cl)c1,0.010498731,<rdkit.Chem.rdchem.Mol object at 0x315aa5ee0>
c1ccc(Oc2ccccc2)cc1,0.669861275,<rdkit.Chem.rdchem.Mol object at 0x315aa5f50>
S=C(Nc1ccccc1)Nc1ccccc1,67.06946376,<rdkit.Chem.rdchem.Mol object at 0x315aa5fc0>
CCCCC(CC)COC(=O)CCCCC(=O)OCC(CC)CCCC,0.660549419,<rdkit.Chem.rdchem.Mol object at 0x315aa6030>
CCNC1CCCCC1,0.441153295,<rdkit.Chem.rdchem.Mol object at 0x315aa60a0>
NC(=S)Nc1ccccc1,58.94837228,<rdkit.Chem.rdchem.Mol object at 0x315aa6110>
COc1ccc(N)cc1,0.329939579,<rdkit.Chem.rdchem.Mol object at 0x315aa6180>
CCOC(=O)CC,148.6460701,<rdkit.Chem.rdchem.Mol object at 0x315aa61f0>
CCNC(=S)NCC,192.8990096,<rdkit.Chem.rdchem.Mol object at 0x315aa6260>
Cc1ccc(O)c(C)c1,2.098597369,<rdkit.Chem.rdchem.Mol object at 0x315aa62d0>
Cc1ccc(C)cc1,32.28203543,<rdkit.Chem.rdchem.Mol object at 0x315aa6340>
Nc1ccc(Cl)cc1,0.0499745,<rdkit.Chem.rdchem.Mol object at 0x315aa63b0>
C=CC=O,0.082918835,<rdkit.Chem.rdchem.Mol object at 0x315aa6420>
CCCS,0.059941394,<rdkit.Chem.rdchem.Mol object at 0x315aa6490>
OCCCl,210.789914,<rdkit.Chem.rdchem.Mol object at 0x315aa6500>
C=CCN,42.51674839,<rdkit.Chem.rdchem.Mol object at 0x315aa6570>
C=CC#N,8.725038372,<rdkit.Chem.rdchem.Mol object at 0x315aa65e0>
NCCN,26.47735339,<rdkit.Chem.rdchem.Mol object at 0x315aa6650>
CCCC(=O)O,60.95721281,<rdkit.Chem.rdchem.Mol object at 0x315aa66c0>
CC(C)NC(C)C,447.8550709,<rdkit.Chem.rdchem.Mol object at 0x315aa6730>
CC1CCCC(O)C1,19.84394766,<rdkit.Chem.rdchem.Mol object at 0x315aa67a0>
Nc1cccc(Cl)c1,0.099942143,<rdkit.Chem.rdchem.Mol object at 0x315aa6810>
Cc1cccc(N)c1,0.729444704,<rdkit.Chem.rdchem.Mol object at 0x315aa6880>
CCCCNC(=S)NCCCC,33.03258537,<rdkit.Chem.rdchem.Mol object at 0x315aa68f0>
C1=CCCCC1,9.409243301,<rdkit.Chem.rdchem.Mol object at 0x315aa6960>
OCCNCCO,110.0950955,<rdkit.Chem.rdchem.Mol object at 0x315aa69d0>
ClCCOCCCl,240.0857073,<rdkit.Chem.rdchem.Mol object at 0x315aa6a40>
CCCCCCCO,67.95260778,<rdkit.Chem.rdchem.Mol object at 0x315aa6ab0>
CCOCCOCCO,3950.530506,<rdkit.Chem.rdchem.Mol object at 0x315aa6b20>
ClCCOCOCCCl,200.9654999,<rdkit.Chem.rdchem.Mol object at 0x315aa6b90>
OCCOCCOCCO,45350.61707,<rdkit.Chem.rdchem.Mol object at 0x315aa6c00>
CNC(=O)Oc1ccccc1OC(C)C,1.260796259,<rdkit.Chem.rdchem.Mol object at 0x315aa6c70>
O=S1OCC2C(CO1)C1(Cl)C(Cl)=C(Cl)C2(Cl)C1(Cl)Cl,0.30443024,<rdkit.Chem.rdchem.Mol object at 0x315aa6ce0>
CC1(C)C2CCC1(C)C(OC(=O)CSC#N)C2,0.090102772,<rdkit.Chem.rdchem.Mol object at 0x315aa6d50>
O=[P](OC1CCCCC1)(Oc2ccccc2)Oc3ccccc3,1.017490683,<rdkit.Chem.rdchem.Mol object at 0x315aa6dc0>
O=S(=O)(c1ccc(Cl)cc1)c1cc(Cl)c(Cl)cc1Cl,6.925481891,<rdkit.Chem.rdchem.Mol object at 0x315aa6e30>
Oc1c(Br)cc(Br)cc1Br,0.041073849,<rdkit.Chem.rdchem.Mol object at 0x315aa6ea0>
c1ccc2cnccc2c1,25.12627081,<rdkit.Chem.rdchem.Mol object at 0x315aa6f10>
c1ccc2[nH]ccc2c1,0.999407244,<rdkit.Chem.rdchem.Mol object at 0x315aa6f80>
Clc1ccc(Cl)c(Cl)c1,4.014551954,<rdkit.Chem.rdchem.Mol object at 0x315aa6ff0>
Oc1ccc(Cl)cc1Cl,2.601283609,<rdkit.Chem.rdchem.Mol object at 0x315aa7060>
O=C1NCCN1,5596.966504,<rdkit.Chem.rdchem.Mol object at 0x315aa70d0>
Cc1ccc([N+](=O)[O-])cc1[N+](=O)[O-],35.02526159,<rdkit.Chem.rdchem.Mol object at 0x315aa7140>
O=[N+]([O-])c1cccc(Cl)c1,22.82540055,<rdkit.Chem.rdchem.Mol object at 0x315aa71b0>
Nc1ccc([N+](=O)[O-])cc1Cl,5.597131354,<rdkit.Chem.rdchem.Mol object at 0x315aa7220>
COP(=S)(OC)Oc1ccc([N+](=O)[O-])c(C)c1,0.004896166,<rdkit.Chem.rdchem.Mol object at 0x315aa7290>
CCCCOP(=O)(OCCCC)OCCCC,3.650796072,<rdkit.Chem.rdchem.Mol object at 0x315aa7300>
c1cc2ccc3cccc4ccc(c1)c2c34,0.185732682,<rdkit.Chem.rdchem.Mol object at 0x315aa7370>
COC(=O)c1ccccc1C(=O)OC,32.97649524,<rdkit.Chem.rdchem.Mol object at 0x315aa73e0>
c1ccc2c(c1)sc1ccccc12,0.442009055,<rdkit.Chem.rdchem.Mol object at 0x315aa7450>
CCOC(C)=O,736.2496498,<rdkit.Chem.rdchem.Mol object at 0x315aa74c0>
O=c1cc[nH]c(=S)[nH]1,7.704037898,<rdkit.Chem.rdchem.Mol object at 0x315aa7530>
ClCCCCl,279.8992085,<rdkit.Chem.rdchem.Mol object at 0x315aa75a0>
CCCCOCCCC,25.98430113,<rdkit.Chem.rdchem.Mol object at 0x315aa7610>
Cc1c(C(N)=O)cc([N+](=O)[O-])cc1[N+](=O)[O-],165.0027719,<rdkit.Chem.rdchem.Mol object at 0x315aa7680>
S=c1[nH]c2ccccc2s1,5.36408858,<rdkit.Chem.rdchem.Mol object at 0x315aa76f0>
COc1cccc(O)c1,41.10661742,<rdkit.Chem.rdchem.Mol object at 0x315aa7760>
c1ccc2c(c1)-c1cccc3cccc-2c13,0.111144591,<rdkit.Chem.rdchem.Mol object at 0x315aa77d0>
c1ccc2nc3ccccc3cc2c1,2.298191812,<rdkit.Chem.rdchem.Mol object at 0x315aa7840>
COP(=S)(OC)Oc1ccc([N+](=O)[O-])cc1,0.015286297,<rdkit.Chem.rdchem.Mol object at 0x315aa78b0>
CCOP(=O)(OCC)Oc1ccc([N+](=O)[O-])cc1,0.000189947,<rdkit.Chem.rdchem.Mol object at 0x315aa7920>
CCOP(=S)(OCC)Oc1cc(C)nc(C(C)C)n1,0.002001581,<rdkit.Chem.rdchem.Mol object at 0x315aa7990>
O=C1CNC(=S)N1,19.81444543,<rdkit.Chem.rdchem.Mol object at 0x315aa7a00>
N#CCl,0.04341734,<rdkit.Chem.rdchem.Mol object at 0x315aa7a70>
COc1cccc(N)c1,0.280178184,<rdkit.Chem.rdchem.Mol object at 0x315aa7ae0>
Clc1cccc(Cl)c1,7.199750303,<rdkit.Chem.rdchem.Mol object at 0x315aa7b50>
Nc1ccc(Cl)cc1Cl,0.59640575,<rdkit.Chem.rdchem.Mol object at 0x315aa7bc0>
CN=C=S,0.279921581,<rdkit.Chem.rdchem.Mol object at 0x315aa7c30>
Cc1cccc(C)c1O,11.19254693,<rdkit.Chem.rdchem.Mol object at 0x315aa7ca0>
CCc1ccccc1N,8.043238527,<rdkit.Chem.rdchem.Mol object at 0x315aa7d10>
CC1=CCC(=C(C)C)CC1,2.548429106,<rdkit.Chem.rdchem.Mol object at 0x315aa7d80>
CCc1ccc(N)cc1,0.090039018,<rdkit.Chem.rdchem.Mol object at 0x315aa7df0>
BrC=C(Br)Br,12.41136548,<rdkit.Chem.rdchem.Mol object at 0x315aa7e60>
CNC(N)=S,9.505297871,<rdkit.Chem.rdchem.Mol object at 0x315aa7ed0>
Cc1cccc([N+](=O)[O-])c1[N+](=O)[O-],0.659753173,<rdkit.Chem.rdchem.Mol object at 0x315aa7f40>
Clc1cc(Cl)c(Cl)c(Cl)c1Cl,5.302260363,<rdkit.Chem.rdchem.Mol object at 0x315aa0040>
Oc1cc(Cl)c(Cl)c(Cl)c1,0.679747076,<rdkit.Chem.rdchem.Mol object at 0x315aa00b0>
S=C=NCc1ccccc1,0.043032634,<rdkit.Chem.rdchem.Mol object at 0x315aa0120>
CCNC(N)=S,13.98892537,<rdkit.Chem.rdchem.Mol object at 0x315aa0190>
ClCC(Cl)(Cl)Cl,23.97684062,<rdkit.Chem.rdchem.Mol object at 0x315aa0200>
CN(C)C(=O)N(C)C,2897.721235,<rdkit.Chem.rdchem.Mol object at 0x315aa0270>
Clc1cc(Cl)c(Cl)c(Cl)c1,1.589471489,<rdkit.Chem.rdchem.Mol object at 0x315aa02e0>
CCNCC,55.99574872,<rdkit.Chem.rdchem.Mol object at 0x315aa0350>
CN(C)P(=O)(N(C)C)N(C)C,6673.259376,<rdkit.Chem.rdchem.Mol object at 0x315aa03c0>
O=[N+]([O-])OCCOCCO[N+](=O)[O-],90.05789354,<rdkit.Chem.rdchem.Mol object at 0x315aa0430>
CCC(=O)Nc1ccc(Cl)c(Cl)c1,5.007442125,<rdkit.Chem.rdchem.Mol object at 0x315aa04a0>
CN1CCCC1=O,1.230849649,<rdkit.Chem.rdchem.Mol object at 0x315aa0510>
Oc1c(Cl)c(Cl)cc(Cl)c1Cl,0.570558985,<rdkit.Chem.rdchem.Mol object at 0x315aa0580>
CCOP(=S)(CC)Sc1ccccc1,0.002700626,<rdkit.Chem.rdchem.Mol object at 0x315aa05f0>
CCNc1nc(NCC)nc(SC)n1,50.00473335,<rdkit.Chem.rdchem.Mol object at 0x315aa0660>
ClC1=C(Cl)C2(Cl)C3C4OC4C(Cl)C3C1(Cl)C2(Cl)Cl,0.240040434,<rdkit.Chem.rdchem.Mol object at 0x315aa06d0>
O=S1(=O)OCC2C(CO1)C1(Cl)C(Cl)=C(Cl)C2(Cl)C1(Cl)Cl,2.119519835,<rdkit.Chem.rdchem.Mol object at 0x315aa0740>
O=C(O)CNCP(=O)(O)O,20.89616326,<rdkit.Chem.rdchem.Mol object at 0x315aa07b0>
CCCCNC(N)=S,18.72104115,<rdkit.Chem.rdchem.Mol object at 0x315aa0820>
Cc1cc(Cl)ccc1O,0.289773529,<rdkit.Chem.rdchem.Mol object at 0x315aa0890>
CCCN(CCC)c1c([N+](=O)[O-])cc(C(F)(F)F)cc1[N+](=O)[O-],0.192933591,<rdkit.Chem.rdchem.Mol object at 0x315aa0900>
O=[N+]([O-])c1ccc(Oc2c(Cl)cc(Cl)cc2Cl)cc1,0.42374983,<rdkit.Chem.rdchem.Mol object at 0x315aa0970>
N#Cc1c(Cl)c(Cl)c(Cl)c(C#N)c1Cl,0.16133119,<rdkit.Chem.rdchem.Mol object at 0x315aa09e0>
Nc1c(Cl)c(Cl)nc(C(=O)O)c1Cl,50.68939819,<rdkit.Chem.rdchem.Mol object at 0x315aa0a50>
CN(C)C(=O)Nc1ccc(Oc2ccc(Cl)cc2)cc1,2.947845963,<rdkit.Chem.rdchem.Mol object at 0x315aa0ac0>
S=C=NCCc1ccccc1,0.129965052,<rdkit.Chem.rdchem.Mol object at 0x315aa0b30>
CNC(=S)N(C)C,770.2245844,<rdkit.Chem.rdchem.Mol object at 0x315aa0ba0>
COc1c(O)c(Cl)c(Cl)c(Cl)c1Cl,0.14000247,<rdkit.Chem.rdchem.Mol object at 0x315aa0c10>
CCCN(CCC)C(=S)SSC(=S)N(CCC)CCC,0.229829388,<rdkit.Chem.rdchem.Mol object at 0x315aa0c80>
O=C(O)COc1ccc(Cl)cc1Cl,70.0569335,<rdkit.Chem.rdchem.Mol object at 0x315aa0cf0>
CN(C)C(=S)N(C)C,769.7152621,<rdkit.Chem.rdchem.Mol object at 0x315aa0d60>
CCOP(=S)(OCC)Oc1nc(Cl)c(Cl)cc1Cl,0.000999567,<rdkit.Chem.rdchem.Mol object at 0x315aa0dd0>
CC(c1ccc(Cl)cc1)c1ccc(Cl)cc1,0.034982175,<rdkit.Chem.rdchem.Mol object at 0x315aa0e40>
S=C=Nc1ccc(N=C=S)cc1,0.077086705,<rdkit.Chem.rdchem.Mol object at 0x315aa0eb0>
O=C(O)CN(CC(=O)O)CC(=O)O,351.0358581,<rdkit.Chem.rdchem.Mol object at 0x315aa0f20>
CC(C)(O)CCC(O)C(C)(O)C1CCC2(O)C3=CC(=O)C4CC(O)C(O)CC4(C)C3CCC12C,2.459143468,<rdkit.Chem.rdchem.Mol object at 0x315aa0f90>
N#CSCSC#N,0.073048463,<rdkit.Chem.rdchem.Mol object at 0x315aa1000>
COP(N)(=O)SC,0.034010995,<rdkit.Chem.rdchem.Mol object at 0x315aa1070>
ClC1=C(Cl)C2(Cl)C3C(Cl)C(Cl)CC3C1(Cl)C2(Cl)Cl,0.098304196,<rdkit.Chem.rdchem.Mol object at 0x315aa10e0>
CN(C)C(CSC(N)=O)CSC(N)=O,0.010006858,<rdkit.Chem.rdchem.Mol object at 0x315aa1150>
CC1(C)C(C=C2CCCC2)C1C(=O)OCc1coc(Cc2ccccc2)c1,0.002498607,<rdkit.Chem.rdchem.Mol object at 0x315aa11c0>
COC(=O)NC(=S)Nc1ccccc1NC(=S)NC(=O)OC,16.01525493,<rdkit.Chem.rdchem.Mol object at 0x315aa1230>
Clc1ccccc1-c1ccccc1,0.710652044,<rdkit.Chem.rdchem.Mol object at 0x315aa12a0>
CCN(CC)c1nc(C)cc(OP(=S)(OC)OC)n1,0.000214182,<rdkit.Chem.rdchem.Mol object at 0x315aa1310>
S=C1SSC2=NCCN12,0.210016063,<rdkit.Chem.rdchem.Mol object at 0x315aa1380>
O=C(NC(=O)c1c(F)cccc1F)Nc1ccc(Cl)cc1,0.004480363,<rdkit.Chem.rdchem.Mol object at 0x315aa13f0>
CCc1cccc(C)c1N(C(=O)CCl)C(C)COC,13.00160262,<rdkit.Chem.rdchem.Mol object at 0x315aa1460>
CN(C)c1nc(=O)n(C2CCCCC2)c(=O)n1C,152.0318092,<rdkit.Chem.rdchem.Mol object at 0x315aa14d0>
CC1(C)C(C=C(Cl)Cl)C1C(=O)OC(C#N)c1cccc(Oc2ccccc2)c1,0.000360086,<rdkit.Chem.rdchem.Mol object at 0x315aa1540>
COc1c(O)cc(Cl)c(Cl)c1Cl,0.729426271,<rdkit.Chem.rdchem.Mol object at 0x315aa15b0>
CC(C)CCCCCCCCCCNCCCCCCCCCCC(C)C,0.110846494,<rdkit.Chem.rdchem.Mol object at 0x315aa1620>
COCC(=O)N(c1c(C)cccc1C)C(C)C(=O)OC,51.5368157,<rdkit.Chem.rdchem.Mol object at 0x315aa1690>
CCCC1COC(Cn2cncn2)(c2ccc(Cl)cc2Cl)O1,6.52048958,<rdkit.Chem.rdchem.Mol object at 0x315aa1700>
CC1(C)C(C=C(Cl)Cl)C1C(=O)OC(C#N)c1ccc(F)c(Oc2ccccc2)c1,0.000599501,<rdkit.Chem.rdchem.Mol object at 0x315aa1770>
Cc1cccc(C)c1,36.2210395,<rdkit.Chem.rdchem.Mol object at 0x315aa17e0>
CCOP(=O)(SC(C)CC)N1CCSC1=O,0.659781214,<rdkit.Chem.rdchem.Mol object at 0x315aa1850>
CCCCC(CC)COP(=O)(Oc1ccccc1)Oc1ccccc1,0.150033517,<rdkit.Chem.rdchem.Mol object at 0x315aa18c0>
CC(C)OP(C)(=O)OC(C)C,267.1201086,<rdkit.Chem.rdchem.Mol object at 0x315aa1930>
CC(C)N(C(=O)SCC(Cl)=C(Cl)Cl)C(C)C,0.056999659,<rdkit.Chem.rdchem.Mol object at 0x315aa19a0>
Cc1cc([N+](=O)[O-])cc([N+](=O)[O-])c1O,3.198530082,<rdkit.Chem.rdchem.Mol object at 0x315aa1a10>
CCOP(=S)(OCC)OP(=S)(OCC)OCC,0.000229752,<rdkit.Chem.rdchem.Mol object at 0x315aa1a80>
CC(C)C(C(=O)OC(C#N)c1cccc(Oc2ccccc2)c1)c1ccc(Cl)cc1,0.004296809,<rdkit.Chem.rdchem.Mol object at 0x315aa1af0>
CSc1nc(NC2CC2)nc(NC(C)(C)C)n1,8.293829276,<rdkit.Chem.rdchem.Mol object at 0x315aa1b60>
O=NN(c1ccccc1)c1ccccc1,7.800946003,<rdkit.Chem.rdchem.Mol object at 0x315aa1bd0>
c1ccccc1,266.5057833,<rdkit.Chem.rdchem.Mol object at 0x315aa1c40>
O=[N+]([O-])c1cccc(Cl)c1Cl,4.532119251,<rdkit.Chem.rdchem.Mol object at 0x315aa1cb0>
O=[N+]([O-])c1ccc(Cl)cc1Cl,4.200504252,<rdkit.Chem.rdchem.Mol object at 0x315aa1d20>
Cc1ccccc1O,15.10032746,<rdkit.Chem.rdchem.Mol object at 0x315aa1d90>
Cc1ccccc1C,17.21713599,<rdkit.Chem.rdchem.Mol object at 0x315aa1e00>
Cl/C=C/Cl,220.0406481,<rdkit.Chem.rdchem.Mol object at 0x315aa1e70>
CO/C=C(/C(=O)OC)c1ccccc1Oc1cc(Oc2ccccc2C#N)ncn1,0.098115155,<rdkit.Chem.rdchem.Mol object at 0x315aa1ee0>
Nc1ccccc1,0.359823483,<rdkit.Chem.rdchem.Mol object at 0x315aa1f50>
Oc1ccccc1-c1ccccc1,0.709553214,<rdkit.Chem.rdchem.Mol object at 0x315aa1fc0>
NC(=O)c1c(Cl)cccc1Cl,856.641902,<rdkit.Chem.rdchem.Mol object at 0x315aa2030>
CCCCNC(=O)OCC#CI,0.039980231,<rdkit.Chem.rdchem.Mol object at 0x315aa20a0>
CNC(=O)O/N=C/C(C)(C)S(C)(=O)=O,0.279808698,<rdkit.Chem.rdchem.Mol object at 0x315aa2110>
Cc1ccc([N+](=O)[O-])cc1C,16.011683,<rdkit.Chem.rdchem.Mol object at 0x315aa2180>
Cc1cccc([N+](=O)[O-])c1C,4.201812641,<rdkit.Chem.rdchem.Mol object at 0x315aa21f0>
Brc1ccc(Oc2ccccc2)cc1,0.189833881,<rdkit.Chem.rdchem.Mol object at 0x315aa2260>
Cc1c(COC(=O)C2C(/C=C(\Cl)C(F)(F)F)C2(C)C)cccc1-c1ccccc1,0.001991764,<rdkit.Chem.rdchem.Mol object at 0x315aa22d0>
CNC(=S)NC,16.51141728,<rdkit.Chem.rdchem.Mol object at 0x315aa2340>
c1ccc(NNc2ccccc2)cc1,4.096227086,<rdkit.Chem.rdchem.Mol object at 0x315aa23b0>
O=[N+]([O-])/N=C1\NCCN1Cc1ccc(Cl)nc1,17.36451207,<rdkit.Chem.rdchem.Mol object at 0x315aa2420>
CCc1ccc(C(=O)NN(C(=O)c2cc(C)cc(C)c2)C(C)(C)C)cc1,17.38436858,<rdkit.Chem.rdchem.Mol object at 0x315aa2490>
C/C=C/c1ccc(OC)cc1,0.006821004,<rdkit.Chem.rdchem.Mol object at 0x315aa2500>
O=[P](Oc1ccccc1)(Oc2ccccc2)Oc3ccccc3,0.999118898,<rdkit.Chem.rdchem.Mol object at 0x315aa2570>
CC1(C)[C@H](/C=C(\Cl)C(F)(F)F)[C@@H]1C(=O)O[C@H](C#N)c1cccc(Oc2ccccc2)c1,0.026978596,<rdkit.Chem.rdchem.Mol object at 0x315aa25e0>
CC(=O)CC(C)=O,1280.916562,<rdkit.Chem.rdchem.Mol object at 0x315aa2650>
Cc1cccc(O)c1,18.79257816,<rdkit.Chem.rdchem.Mol object at 0x315aa26c0>
CCCCCCCCCC,17.99466875,<rdkit.Chem.rdchem.Mol object at 0x315aa2730>
CCOc1cc(NC(C)=O)ccc1C(=O)OC,200.0812173,<rdkit.Chem.rdchem.Mol object at 0x315aa27a0>
COC(C)(C)CCCC(C)C/C=C/C(C)=C/C(=O)OC(C)C,1.040067928,<rdkit.Chem.rdchem.Mol object at 0x315aa2810>
CC1(C)[C@@H](C=C(Br)Br)[C@H]1C(=O)O[C@H](C#N)c1cccc(Oc2ccccc2)c1,4.36e-05,<rdkit.Chem.rdchem.Mol object at 0x315aa2880>
CCNc1ccccc1,0.420175715,<rdkit.Chem.rdchem.Mol object at 0x315aa28f0>
Clc1ccccc1,13.01204329,<rdkit.Chem.rdchem.Mol object at 0x315aa2960>
c1ccc2c(c1)oc1ccccc12,1.701375876,<rdkit.Chem.rdchem.Mol object at 0x315aa29d0>
CC(C)[C@H](C(=O)O[C@H](C#N)c1cccc(Oc2ccccc2)c1)c1ccc(Cl)cc1,0.000269864,<rdkit.Chem.rdchem.Mol object at 0x315aa2a40>
COCC(=O)N(c1c(C)cccc1C)[C@H](C)C(=O)OC,41.89070616,<rdkit.Chem.rdchem.Mol object at 0x315aa2ab0>
Clc1ccc(-c2ccccc2)cc1,0.420394291,<rdkit.Chem.rdchem.Mol object at 0x315aa2b20>
CNC(=O)O/N=C/C(C)(C)SC,0.582599917,<rdkit.Chem.rdchem.Mol object at 0x315aa2b90>
Cc1ccc(Cl)cc1[N+](=O)[O-],9.29965556,<rdkit.Chem.rdchem.Mol object at 0x315aa2c00>
OCC(Cl)(Cl)Cl,148.0303267,<rdkit.Chem.rdchem.Mol object at 0x315aa2c70>
Nc1ccc(Cl)c(Cl)c1Cl,0.730067061,<rdkit.Chem.rdchem.Mol object at 0x315aa2ce0>
CCN=C=S,0.429800772,<rdkit.Chem.rdchem.Mol object at 0x315aa2d50>
CCCCN=C=S,0.429984182,<rdkit.Chem.rdchem.Mol object at 0x315aa2dc0>
Cc1ccc2nc(C)ccc2c1,37.97345103,<rdkit.Chem.rdchem.Mol object at 0x315aa2e30>
Cc1cc(Cl)cc(Cl)c1O,0.429558717,<rdkit.Chem.rdchem.Mol object at 0x315aa2ea0>
O=[N+]([O-])c1cc(Cl)cc(Cl)c1,7.504145199,<rdkit.Chem.rdchem.Mol object at 0x315aa2f10>
O=C(N=C=S)c1ccccc1,1.89985368,<rdkit.Chem.rdchem.Mol object at 0x315aa2f80>
Cl/C=C/CCl,4.499926146,<rdkit.Chem.rdchem.Mol object at 0x315aa2ff0>
CCOP(=O)(OCC)O/C(=C/Cl)c1ccc(Cl)cc1Cl,1.357749911,<rdkit.Chem.rdchem.Mol object at 0x315aa3060>
C=C(C)[C@H]1Cc2c(ccc3c2OC2COc4cc(OC)c(OC)cc4C2C3=O)O1,0.003697745,<rdkit.Chem.rdchem.Mol object at 0x315aa30d0>
C=C/C=C/CC1=C(C)C(OC(=O)C2C(/C=C(\C)C(=O)OC)C2(C)C)CC1=O,0.016987371,<rdkit.Chem.rdchem.Mol object at 0x315aa3140>
CC(C)c1ccc2c(c1)CCC1[C@]2(C)CCC[C@@]1(C)C(=O)O,8.27370493,<rdkit.Chem.rdchem.Mol object at 0x315aa31b0>
O=S1OC[C@@H]2[C@H](CO1)C1(Cl)C(Cl)=C(Cl)C2(Cl)C1(Cl)Cl,1.518754892,<rdkit.Chem.rdchem.Mol object at 0x315aa3220>
CC1(C)[C@@H](C(Br)C(Br)(Br)Br)[C@H]1C(=O)O[C@H](C#N)c1cccc(Oc2ccccc2)c1,7.55e-05,<rdkit.Chem.rdchem.Mol object at 0x315aa3290>
CC(C)(C)[C@H](O)[C@H](Cc1ccc(Cl)cc1)n1cncn1,28.71023909,<rdkit.Chem.rdchem.Mol object at 0x315aa3300>
CC1(C)[C@@H](/C=C(\Cl)C(F)(F)F)[C@H]1C(=O)OC(C#N)c1cccc(Oc2ccccc2)c1,0.001039967,<rdkit.Chem.rdchem.Mol object at 0x315aa3370>
N=C(N/N=C/c1ccc(Cl)cc1)N/N=C/c1ccc(Cl)cc1,0.074990499,<rdkit.Chem.rdchem.Mol object at 0x315aa33e0>
C[C@]12CCC3c4ccc(O)cc4CCC3C1CC[C@@H]2O,2.973084161,<rdkit.Chem.rdchem.Mol object at 0x315aa3450>
CCC(O)C(C)CO,6862.894702,<rdkit.Chem.rdchem.Mol object at 0x315aa34c0>
O=S1c2ccccc2-c2ccccc21,19.97994608,<rdkit.Chem.rdchem.Mol object at 0x315aa3530>
Cc1cc(O)c(C(C)C)cc1N=Nc1ccc(S(=O)(=O)c2ccc(N=Nc3cc(C(C)C)c(O)cc3C)cc2)cc1,2.072085981,<rdkit.Chem.rdchem.Mol object at 0x315aa35a0>
c1ccc2sccc2c1,58.98647121,<rdkit.Chem.rdchem.Mol object at 0x315aa3610>
BrC1CCCCC1,21.00619235,<rdkit.Chem.rdchem.Mol object at 0x315aa3680>
c1ccc2c(c1)ccc1oc3ccccc3c12,3.999026227,<rdkit.Chem.rdchem.Mol object at 0x315aa36f0>
c1ccc2c(c1)ccc1sc3ccccc3c12,0.220177172,<rdkit.Chem.rdchem.Mol object at 0x315aa3760>
Nc1cc(Cl)c(Cl)c(Cl)c1Cl,0.640359317,<rdkit.Chem.rdchem.Mol object at 0x315aa37d0>
Nc1cc(Cl)c(Cl)cc1Cl,3.399088363,<rdkit.Chem.rdchem.Mol object at 0x315aa3840>
O=S1(=O)C=Cc2ccccc21,14.0162269,<rdkit.Chem.rdchem.Mol object at 0x315aa38b0>
Cc1csc2ccccc12,2.599777068,<rdkit.Chem.rdchem.Mol object at 0x315aa3920>
Clc1ccc(-c2ccc(Cl)cc2Cl)c(Cl)c1,0.030018083,<rdkit.Chem.rdchem.Mol object at 0x315aa3990>
COc1cc(Cl)c(Cl)c(Cl)c1O,0.959359545,<rdkit.Chem.rdchem.Mol object at 0x315aa3a00>
CCNC(=S)Nc1ccccc1,80.15367859,<rdkit.Chem.rdchem.Mol object at 0x315aa3a70>
O[C@@H](CS)[C@@H](O)CS,27.00013441,<rdkit.Chem.rdchem.Mol object at 0x315aa3ae0>
CN(C(N)=S)c1ccccc1,96.33002078,<rdkit.Chem.rdchem.Mol object at 0x315aa3b50>
CN(C)C(N)=S,41.95506064,<rdkit.Chem.rdchem.Mol object at 0x315aa3bc0>
C/C=C(\C)C(=O)OC1CC(OC(C)=O)C2(C(=O)OC)COC3C2C12COC(O)(C(=O)OC)C2C(C)(C12OC1(C)C1CC2OC2OC=CC21O)C3O,0.621948496,<rdkit.Chem.rdchem.Mol object at 0x315aa3c30>
Cc1ccc2sccc2c1,13.99381115,<rdkit.Chem.rdchem.Mol object at 0x315aa3ca0>
Clc1cc(Cl)c(-c2ccccc2)cc1Cl,0.589898556,<rdkit.Chem.rdchem.Mol object at 0x315aa3d10>
CSc1nc(N)nc(NC(C)(C)C)n1,10.99033969,<rdkit.Chem.rdchem.Mol object at 0x315aa3d80>
Clc1cccc(-c2ccccc2)c1,0.430186334,<rdkit.Chem.rdchem.Mol object at 0x315aa3df0>
